{"cameraMode":{"drawMode":0,"name":"Shaded","section":"Shading Mode"},"sceneLighting":false,"audioPlay":false,"sceneViewState":{"showFog":true,"showMaterialUpdate":false,"showSkybox":false,"showFlares":true,"showImageEffects":true,"showParticleSystems":true},"in2DMode":false,"pivot":{"x":0.28050875663757326,"y":-0.4158961772918701,"z":0.33295655250549319},"rotation":{"x":0.20787690579891206,"y":0.6908224821090698,"z":-0.21846142411231996,"w":0.657215416431427},"size":4.357883930206299,"orthographic":false}