{"cameraMode":{"drawMode":0,"name":"Shaded","section":"Shading Mode"},"sceneLighting":false,"audioPlay":false,"sceneViewState":{"showFog":true,"showMaterialUpdate":false,"showSkybox":false,"showFlares":true,"showImageEffects":true,"showParticleSystems":true},"in2DMode":false,"pivot":{"x":0.20743036270141602,"y":0.32711052894592287,"z":0.259321928024292},"rotation":{"x":0.1549600511789322,"y":-0.6257593631744385,"z":0.12867987155914308,"w":0.7535642981529236},"size":5.7157673835754398,"orthographic":false}