{"cameraMode":{"drawMode":0,"name":"Shaded","section":"Shading Mode"},"sceneLighting":false,"audioPlay":false,"sceneViewState":{"showFog":true,"showMaterialUpdate":false,"showSkybox":false,"showFlares":true,"showImageEffects":true,"showParticleSystems":true},"in2DMode":false,"pivot":{"x":0.01884639263153076,"y":0.20527121424674989,"z":0.4182308614253998},"rotation":{"x":0.04582863673567772,"y":0.7348852753639221,"z":-0.04990839213132858,"w":0.6748005151748657},"size":1.3590232133865357,"orthographic":false}