{"cameraMode":{"drawMode":0,"name":"Shaded","section":"Shading Mode"},"sceneLighting":false,"audioPlay":false,"sceneViewState":{"showFog":true,"showMaterialUpdate":false,"showSkybox":false,"showFlares":true,"showImageEffects":true,"showParticleSystems":true},"in2DMode":false,"pivot":{"x":-0.06672650575637818,"y":1.2197744846343995,"z":-0.08090092241764069},"rotation":{"x":0.11477742344141007,"y":-0.5615869164466858,"z":0.07903128862380982,"w":0.815600574016571},"size":5.095731735229492,"orthographic":false}