{"cameraMode":{"drawMode":0,"name":"Shaded","section":"Shading Mode"},"sceneLighting":false,"audioPlay":false,"sceneViewState":{"showFog":true,"showMaterialUpdate":false,"showSkybox":false,"showFlares":true,"showImageEffects":true,"showParticleSystems":true},"in2DMode":false,"pivot":{"x":0.06910586357116699,"y":-0.158787339925766,"z":0.3071048855781555},"rotation":{"x":0.0015265289694070817,"y":-0.5371078252792358,"z":0.0009719518711790443,"w":0.843514084815979},"size":1.4535349607467652,"orthographic":false}