{"cameraMode":{"drawMode":0,"name":"Shaded","section":"Shading Mode"},"sceneLighting":false,"audioPlay":false,"sceneViewState":{"showFog":true,"showMaterialUpdate":false,"showSkybox":false,"showFlares":true,"showImageEffects":true,"showParticleSystems":true},"in2DMode":false,"pivot":{"x":-0.49802398681640627,"y":1.6800086498260499,"z":0.7839499115943909},"rotation":{"x":0.010720944032073021,"y":0.7137786149978638,"z":-0.010928363539278508,"w":0.7002072930335999},"size":5.7157673835754398,"orthographic":false}