{"cameraMode":{"drawMode":0,"name":"Shaded","section":"Shading Mode"},"sceneLighting":false,"audioPlay":false,"sceneViewState":{"showFog":true,"showMaterialUpdate":false,"showSkybox":false,"showFlares":true,"showImageEffects":true,"showParticleSystems":true},"in2DMode":false,"pivot":{"x":6.2200822830200199,"y":0.9727956056594849,"z":-2.3110311031341554},"rotation":{"x":0.03600047528743744,"y":0.9589546322822571,"z":-0.1422940194606781,"w":0.24261632561683656},"size":4.041658401489258,"orthographic":false}